Is_Weekend,Avg_Demand_MW,Std_Demand_MW,Type
0,29567.945274390244,6925.513572991362,Weekday
1,26051.464721254357,5999.53549803844,Weekend
