Temperature_Bin,Avg_Demand_MW,Std_Demand_MW,Count
<0°C,,,0
0-5°C,34301.51184834123,7083.691143821155,10128
5-10°C,31621.115489456028,6898.779365230827,66768
10-15°C,28354.059776688453,6402.8794038470305,44064
15-20°C,25154.51130589431,4993.419878889748,62976
20-25°C,24262.08646953405,4210.578101553583,8928
>25°C,,,0
